--INSERINDO ENDEREÇOS

INSERT INTO endereco (end_CEP, end_rua, end_numero, end_cidade) VALUES ('58027-392','Rua Doze de Agosto', '340', 'João Pessoa');
INSERT INTO endereco (end_CEP, end_rua, end_numero, end_cidade) VALUES ('64010-460','Rua Cleanto Jales de Carvalho', '12', 'Teresina');
INSERT INTO endereco (end_CEP, end_rua, end_numero, end_cidade) VALUES ('79096-149','Rua Afluente', 'S/N', 'Campo Grande');
INSERT INTO endereco (end_CEP, end_rua, end_numero, end_cidade) VALUES ('69053-640','Travessa Rio Jutaí', '212', 'Manaus');
INSERT INTO endereco (end_CEP, end_rua, end_numero, end_cidade) VALUES ('69088-086','Rua Belford Roxo', '670', 'Manaus');


--INSERINDO USUARIOS

INSERT INTO usuario (id_usuario, telefone, end_CEP) VALUES (580, '(49) 6724-2906', '79096-149');
INSERT INTO usuario (id_usuario, telefone, end_CEP) VALUES (65, '(42) 9719-3411', '24435-341');
INSERT INTO usuario (id_usuario, telefone, end_CEP) VALUES (2, '(31) 8277-7838', '69053-640');
INSERT INTO usuario (id_usuario, telefone, end_CEP) VALUES (143, '(51) 8799-8300', '69088-086');
INSERT INTO usuario (id_usuario, telefone, end_CEP) VALUES (38334, '(29) 8501-1908', '82373-258');
INSERT INTO usuario (id_usuario, telefone, end_CEP) VALUES (462, '(29) 3986-3724', '60527-234');
INSERT INTO usuario (id_usuario, telefone, end_CEP) VALUES (851, '(39) 9347-8408', '39447-966');
INSERT INTO usuario (id_usuario, telefone, end_CEP) VALUES (31, '(24) 9071-3310', '13767-704');
INSERT INTO usuario (id_usuario, telefone, end_CEP) VALUES (4, '(39) 9573-3672', '45768-419');
INSERT INTO usuario (id_usuario, telefone, end_CEP) VALUES (522, '(20) 3360-3052', '58027-392');
INSERT INTO usuario (id_usuario, telefone, end_CEP) VALUES (820, '(51) 2238-7680', '69088-086');
INSERT INTO usuario (id_usuario, telefone, end_CEP) VALUES (27, '(68) 3334-3236', '54579-304');
INSERT INTO usuario (id_usuario, telefone, end_CEP) VALUES (574, '(70) 5900-5783', '64010-460');
INSERT INTO usuario (id_usuario, telefone, end_CEP) VALUES (888, '(59) 9422-1937', '58027-392');
INSERT INTO usuario (id_usuario, telefone, end_CEP) VALUES (86, '(13) 1403-4641', '69053-640');
INSERT INTO usuario (id_usuario, telefone, end_CEP) VALUES (66, '(53) 2915-6275', '69088-086');
INSERT INTO usuario (id_usuario, telefone, end_CEP) VALUES (91, '(13) 9488-5267', '58027-392');
INSERT INTO usuario (id_usuario, telefone, end_CEP) VALUES (25, '(42) 6724-3062', '97418-235');
INSERT INTO usuario (id_usuario, telefone, end_CEP) VALUES (61, '(80) 5065-1619', '86162-579');
INSERT INTO usuario (id_usuario, telefone, end_CEP) VALUES (501, '(14) 5319-4756', '69053-640');

--INSERT INTO DE PESSOAS

INSERT INTO pessoa (id_pessoa, telefone, cpf, end_CEP) VALUES (580, '(49) 6724-2906', '356.845.987-10', '79096-149');
INSERT INTO pessoa (id_pessoa, telefone, cpf, end_CEP) VALUES (65, '(42) 9719-3411', '789.654.123-87', '24435-341');
INSERT INTO pessoa (id_pessoa, telefone, cpf, end_CEP) VALUES (2, '(31) 8277-7838', '123.456.789-00', '69053-640');
INSERT INTO pessoa (id_pessoa, telefone, cpf, end_CEP) VALUES (143, '(51) 8799-8300', '987.654.321-23', '69088-086');
INSERT INTO pessoa (id_pessoa, telefone, cpf, end_CEP) VALUES (38334, '(29) 8501-1908', '321.654.987-45', '82373-258');
INSERT INTO pessoa (id_pessoa, telefone, cpf, end_CEP) VALUES (462, '(29) 3986-3724', '852.741.963-12', '60527-234');
INSERT INTO pessoa (id_pessoa, telefone, cpf, end_CEP) VALUES (851, '(39) 9347-8408', '963.258.741-98', '39447-966');
INSERT INTO pessoa (id_pessoa, telefone, cpf, end_CEP) VALUES (31, '(24) 9071-3310', '741.852.963-77', '13767-704');
INSERT INTO pessoa (id_pessoa, telefone, cpf, end_CEP) VALUES (4, '(39) 9573-3672', '123.321.456-89', '45768-419');
INSERT INTO pessoa (id_pessoa, telefone, cpf, end_CEP) VALUES (522, '(20) 3360-3052', '789.987.654-33', '58027-392');
INSERT INTO pessoa (id_pessoa, telefone, cpf, end_CEP) VALUES (820, '(51) 2238-7680', '852.159.753-44', '69088-086');
INSERT INTO pessoa (id_pessoa, telefone, cpf, end_CEP) VALUES (27, '(68) 3334-3236', '963.741.852-66', '54579-304');
INSERT INTO pessoa (id_pessoa, telefone, cpf, end_CEP) VALUES (574, '(70) 5900-5783', '654.123.987-55', '64010-460');
INSERT INTO pessoa (id_pessoa, telefone, cpf, end_CEP) VALUES (888, '(59) 9422-1937', '987.321.654-11', '58027-392');
INSERT INTO pessoa (id_pessoa, telefone, cpf, end_CEP) VALUES (86, '(13) 1403-4641', '147.852.963-09', '69053-640');
INSERT INTO pessoa (id_pessoa, telefone, cpf, end_CEP) VALUES (66, '(53) 2915-6275', '258.369.147-88', '69088-086');
INSERT INTO pessoa (id_pessoa, telefone, cpf, end_CEP) VALUES (91, '(13) 9488-5267', '123.456.789-55', '58027-392');
INSERT INTO pessoa (id_pessoa, telefone, cpf, end_CEP) VALUES (25, '(42) 6724-3062', '951.357.258-33', '97418-235');
INSERT INTO pessoa (id_pessoa, telefone, cpf, end_CEP) VALUES (61, '(80) 5065-1619', '753.951.852-22', '86162-579');
INSERT INTO pessoa (id_pessoa, telefone, cpf, end_CEP) VALUES (501, '(14) 5319-4756', '654.789.321-99', '69053-640');
INSERT INTO pessoa (id_pessoa, telefone, cpf, end_CEP) VALUES (102, '(42) 6711-5629', '123.987.654-00', '83127-419');
INSERT INTO pessoa (id_pessoa, telefone, cpf, end_CEP) VALUES (375, '(39) 9183-2475', '456.123.789-12', '90184-629');
INSERT INTO pessoa (id_pessoa, telefone, cpf, end_CEP) VALUES (254, '(68) 3471-9032', '321.987.456-88', '71234-891');
INSERT INTO pessoa (id_pessoa, telefone, cpf, end_CEP) VALUES (306, '(80) 9147-3652', '789.123.654-33', '40573-819');
INSERT INTO pessoa (id_pessoa, telefone, cpf, end_CEP) VALUES (479, '(14) 8617-9035', '456.789.123-12', '76321-578');
INSERT INTO pessoa (id_pessoa, telefone, cpf, end_CEP) VALUES (132, '(53) 6572-1345', '951.789.654-44', '39012-657');
INSERT INTO pessoa (id_pessoa, telefone, cpf, end_CEP) VALUES (540, '(31) 6729-0458', '852.753.159-99', '94012-567');
INSERT INTO pessoa (id_pessoa, telefone, cpf, end_CEP) VALUES (298, '(70) 3572-1845', '789.951.357-33', '68217-294');
INSERT INTO pessoa (id_pessoa, telefone, cpf, end_CEP) VALUES (101, '(24) 8562-3479', '123.159.456-77', '58123-789');

-- INSERT CONVIDADOS

INSERT INTO convidado (id_convidado, no_convidado, id_pessoa, id_sessao, nome_convidado) VALUES (1, 1, 580, 1001, 'João Silva');
INSERT INTO convidado (id_convidado, no_convidado, id_pessoa, id_sessao, nome_convidado) VALUES (2, 2, 65, 1002, 'Maria Santos');
INSERT INTO convidado (id_convidado, no_convidado, id_pessoa, id_sessao, nome_convidado) VALUES (3, 3, 2, 1003, 'Carlos Pereira');
INSERT INTO convidado (id_convidado, no_convidado, id_pessoa, id_sessao, nome_convidado) VALUES (4, 4, 143, 1004, 'Ana Oliveira');
INSERT INTO convidado (id_convidado, no_convidado, id_pessoa, id_sessao, nome_convidado) VALUES (5, 5, 38334, 1005, 'Pedro Costa');
INSERT INTO convidado (id_convidado, no_convidado, id_pessoa, id_sessao, nome_convidado) VALUES (6, 6, 462, 1006, 'Lucas Lima');
INSERT INTO convidado (id_convidado, no_convidado, id_pessoa, id_sessao, nome_convidado) VALUES (7, 7, 851, 1007, 'Fernanda Rodrigues');
INSERT INTO convidado (id_convidado, no_convidado, id_pessoa, id_sessao, nome_convidado) VALUES (8, 8, 31, 1008, 'Juliana Souza');
INSERT INTO convidado (id_convidado, no_convidado, id_pessoa, id_sessao, nome_convidado) VALUES (9, 9, 4, 1009, 'Ricardo Ferreira');
INSERT INTO convidado (id_convidado, no_convidado, id_pessoa, id_sessao, nome_convidado) VALUES (10, 10, 522, 1010, 'Patrícia Carvalho');

-- INSERT INTO DE EMPRESAS

INSERT INTO empresa (id_empresa, telefone, cnpj, end_CEP) VALUES (101, '(42) 3672-8345', '12.345.678/0001-90', '12345-678');
INSERT INTO empresa (id_empresa, telefone, cnpj, end_CEP) VALUES (202, '(31) 4563-2847', '23.456.789/0001-01', '23456-789');
INSERT INTO empresa (id_empresa, telefone, cnpj, end_CEP) VALUES (303, '(68) 8921-3567', '34.567.890/0001-12', '34567-890');
INSERT INTO empresa (id_empresa, telefone, cnpj, end_CEP) VALUES (404, '(13) 3471-9824', '45.678.901/0001-23', '45678-901');
INSERT INTO empresa (id_empresa, telefone, cnpj, end_CEP) VALUES (505, '(80) 6173-2947', '56.789.012/0001-34', '56789-012');
INSERT INTO empresa (id_empresa, telefone, cnpj, end_CEP) VALUES (606, '(70) 8346-1729', '67.890.123/0001-45', '67890-123');
INSERT INTO empresa (id_empresa, telefone, cnpj, end_CEP) VALUES (707, '(59) 4718-2936', '78.901.234/0001-56', '78901-234');

-- INSERT ESPAÇOS DE TRABALHO

INSERT INTO espaco_de_trabalho (id_espaco, capacidade) VALUES (1, 1);
INSERT INTO espaco_de_trabalho (id_espaco, capacidade) VALUES (2, 2);
INSERT INTO espaco_de_trabalho (id_espaco, capacidade) VALUES (3, 3);
INSERT INTO espaco_de_trabalho (id_espaco, capacidade) VALUES (4, 5);
INSERT INTO espaco_de_trabalho (id_espaco, capacidade) VALUES (5, 10);
INSERT INTO espaco_de_trabalho (id_espaco, capacidade) VALUES (6, 15);
INSERT INTO espaco_de_trabalho (id_espaco, capacidade) VALUES (7, 20);

-- INSERT TIPO DE ESPAÇO DE TRABALHO

INSERT INTO Tipo_espaco (espaco_trabalho, tipo_espaco) VALUES (1, 'Mesa Compartilhada');
INSERT INTO Tipo_espaco (espaco_trabalho, tipo_espaco) VALUES (2, 'Escritório Privativo');
INSERT INTO Tipo_espaco (espaco_trabalho, tipo_espaco) VALUES (3, 'Sala de Reunião');
INSERT INTO Tipo_espaco (espaco_trabalho, tipo_espaco) VALUES (4, 'Sala de Reunião'); 
INSERT INTO Tipo_espaco (espaco_trabalho, tipo_espaco) VALUES (5, 'Escritório Privativo'); 
INSERT INTO Tipo_espaco (espaco_trabalho, tipo_espaco) VALUES (6, 'Mesa Compartilhada'); 
INSERT INTO Tipo_espaco (espaco_trabalho, tipo_espaco) VALUES (7, 'Sala de Reunião'); 

-- INSERT ALIMENTACAO

INSERT INTO alimentacao (cod_barras, nome, id_usuario) VALUES ('7891234567890', 'Batata Chips', 580);
INSERT INTO alimentacao (cod_barras, nome, id_usuario) VALUES ('7891234567891', 'Chocolate Amargo', 65);
INSERT INTO alimentacao (cod_barras, nome, id_usuario) VALUES ('7891234567892', 'Biscoito de Polvilho', 2);
INSERT INTO alimentacao (cod_barras, nome, id_usuario) VALUES ('7891234567893', 'Amendoim Torrado', 143);
INSERT INTO alimentacao (cod_barras, nome, id_usuario) VALUES ('7891234567894', 'Mix de Castanhas', 38334);
INSERT INTO alimentacao (cod_barras, nome, id_usuario) VALUES ('7891234567895', 'Granola Crocante', 462);
INSERT INTO alimentacao (cod_barras, nome, id_usuario) VALUES ('7891234567896', 'Cookies Integrais', 851);
INSERT INTO alimentacao (cod_barras, nome, id_usuario) VALUES ('7891234567897', 'Barrinha de Cereal', 31);
INSERT INTO alimentacao (cod_barras, nome, id_usuario) VALUES ('7891234567898', 'Frutas Desidratadas', 4);
INSERT INTO alimentacao (cod_barras, nome, id_usuario) VALUES ('7891234567899', 'Pipoca de Micro-ondas', 522);

-- INSERT CONSUMIR 

INSERT INTO consumir (codigo_de_barras, id_usuario, nome_do_produto, data_e_hora_consumo) VALUES ('7891234567890', 580, 'Batata Chips', TIMESTAMP '2024-08-19 12:34:56');
INSERT INTO consumir (codigo_de_barras, id_usuario, nome_do_produto, data_e_hora_consumo) VALUES ('7891234567891', 65, 'Chocolate Amargo', TIMESTAMP '2024-08-19 13:45:23');
INSERT INTO consumir (codigo_de_barras, id_usuario, nome_do_produto, data_e_hora_consumo) VALUES ('7891234567892', 2, 'Biscoito de Polvilho', TIMESTAMP '2024-08-19 14:56:34');
INSERT INTO consumir (codigo_de_barras, id_usuario, nome_do_produto, data_e_hora_consumo) VALUES ('7891234567893', 143, 'Amendoim Torrado', TIMESTAMP '2024-08-19 15:12:45');
INSERT INTO consumir (codigo_de_barras, id_usuario, nome_do_produto, data_e_hora_consumo) VALUES ('7891234567894', 38334, 'Mix de Castanhas', TIMESTAMP '2024-08-19 16:23:56');
INSERT INTO consumir (codigo_de_barras, id_usuario, nome_do_produto, data_e_hora_consumo) VALUES ('7891234567895', 462, 'Granola Crocante', TIMESTAMP '2024-08-19 17:34:12');
INSERT INTO consumir (codigo_de_barras, id_usuario, nome_do_produto, data_e_hora_consumo) VALUES ('7891234567896', 851, 'Cookies Integrais', TIMESTAMP '2024-08-19 18:45:23');
INSERT INTO consumir (codigo_de_barras, id_usuario, nome_do_produto, data_e_hora_consumo) VALUES ('7891234567897', 31, 'Barrinha de Cereal', TIMESTAMP '2024-08-19 19:56:34');
INSERT INTO consumir (codigo_de_barras, id_usuario, nome_do_produto, data_e_hora_consumo) VALUES ('7891234567898', 4, 'Frutas Desidratadas', TIMESTAMP '2024-08-19 20:12:45');
INSERT INTO consumir (codigo_de_barras, id_usuario, nome_do_produto, data_e_hora_consumo) VALUES ('7891234567899', 522, 'Pipoca de Micro-ondas', TIMESTAMP '2024-08-19 21:23:56');

-- INSERT PLANO DE ASSINATURA

INSERT INTO plano_de_assinatura (nivel, tempo, preco, plano_evoluido) VALUES ('Starter', 1, 9.99, NULL);
INSERT INTO plano_de_assinatura (nivel, tempo, preco, plano_evoluido) VALUES ('Basic', 3, 19.99, 'Starter');
INSERT INTO plano_de_assinatura (nivel, tempo, preco, plano_evoluido) VALUES ('Silver', 6, 29.99, 'Basic');
INSERT INTO plano_de_assinatura (nivel, tempo, preco, plano_evoluido) VALUES ('Gold', 12, 49.99, 'Silver');
INSERT INTO plano_de_assinatura (nivel, tempo, preco, plano_evoluido) VALUES ('Platinum', 24, 79.99, 'Gold');
INSERT INTO plano_de_assinatura (nivel, tempo, preco, plano_evoluido) VALUES ('Diamond', 36, 99.99, 'Platinum');

-- INSERT RESERVA

INSERT INTO reserva (id_usuario, espaco_de_trabalho_id, id_sessao) VALUES (580, 101, 1001);
INSERT INTO reserva (id_usuario, espaco_de_trabalho_id, id_sessao) VALUES (65, 102, 1002);
INSERT INTO reserva (id_usuario, espaco_de_trabalho_id, id_sessao) VALUES (2, 103, 1003);
INSERT INTO reserva (id_usuario, espaco_de_trabalho_id, id_sessao) VALUES (143, 104, 1004);
INSERT INTO reserva (id_usuario, espaco_de_trabalho_id, id_sessao) VALUES (38334, 105, 1005);
INSERT INTO reserva (id_usuario, espaco_de_trabalho_id, id_sessao) VALUES (462, 106, 1006);


-- INSERT COMPRAR

INSERT INTO comprar (data_e_hora_compra, id_usuario, id_pagamento, nivel) VALUES (TIMESTAMP '2024-08-19 10:15:30', 580, 101, 'Starter');
INSERT INTO comprar (data_e_hora_compra, id_usuario, id_pagamento, nivel) VALUES (TIMESTAMP '2024-08-20 11:22:45', 65, 102, 'Basic');
INSERT INTO comprar (data_e_hora_compra, id_usuario, id_pagamento, nivel) VALUES (TIMESTAMP '2024-08-21 12:33:50', 2, 103, 'Silver');
INSERT INTO comprar (data_e_hora_compra, id_usuario, id_pagamento, nivel) VALUES (TIMESTAMP '2024-08-22 13:44:55', 143, 104, 'Gold');
INSERT INTO comprar (data_e_hora_compra, id_usuario, id_pagamento, nivel) VALUES (TIMESTAMP '2024-08-23 14:55:10', 38334, 105, 'Platinum');
INSERT INTO comprar (data_e_hora_compra, id_usuario, id_pagamento, nivel) VALUES (TIMESTAMP '2024-08-24 15:06:25', 462, 106, 'Diamond');
INSERT INTO comprar (data_e_hora_compra, id_usuario, id_pagamento, nivel) VALUES (TIMESTAMP '2024-08-25 16:17:35', 851, 107, 'Starter');
INSERT INTO comprar (data_e_hora_compra, id_usuario, id_pagamento, nivel) VALUES (TIMESTAMP '2024-08-26 17:28:45', 31, 108, 'Basic');
INSERT INTO comprar (data_e_hora_compra, id_usuario, id_pagamento, nivel) VALUES (TIMESTAMP '2024-08-27 18:39:55', 4, 109, 'Silver');
INSERT INTO comprar (data_e_hora_compra, id_usuario, id_pagamento, nivel) VALUES (TIMESTAMP '2024-08-28 19:50:05', 522, 110, 'Gold');
INSERT INTO comprar (data_e_hora_compra, id_usuario, id_pagamento, nivel) VALUES (TIMESTAMP '2024-08-30 10:25:40', 580, 201, 'Silver');
INSERT INTO comprar (data_e_hora_compra, id_usuario, id_pagamento, nivel) VALUES (TIMESTAMP '2024-08-31 11:36:55', 65, 202, 'Gold');
INSERT INTO comprar (data_e_hora_compra, id_usuario, id_pagamento, nivel) VALUES (TIMESTAMP '2024-09-01 12:47:15', 2, 203, 'Platinum');
INSERT INTO comprar (data_e_hora_compra, id_usuario, id_pagamento, nivel) VALUES (TIMESTAMP '2024-09-02 13:58:30', 143, 204, 'Diamond');
INSERT INTO comprar (data_e_hora_compra, id_usuario, id_pagamento, nivel) VALUES (TIMESTAMP '2024-09-03 15:09:45', 38334, 205, 'Starter');
INSERT INTO comprar (data_e_hora_compra, id_usuario, id_pagamento, nivel) VALUES (TIMESTAMP '2024-09-04 16:20:55', 462, 206, 'Basic');
INSERT INTO comprar (data_e_hora_compra, id_usuario, id_pagamento, nivel) VALUES (TIMESTAMP '2024-09-05 17:32:05', 851, 207, 'Silver');
INSERT INTO comprar (data_e_hora_compra, id_usuario, id_pagamento, nivel) VALUES (TIMESTAMP '2024-09-06 18:43:15', 31, 208, 'Gold');
INSERT INTO comprar (data_e_hora_compra, id_usuario, id_pagamento, nivel) VALUES (TIMESTAMP '2024-09-07 19:54:30', 4, 209, 'Platinum');
INSERT INTO comprar (data_e_hora_compra, id_usuario, id_pagamento, nivel) VALUES (TIMESTAMP '2024-09-08 20:05:45', 522, 210, 'Diamond');

-- INSERT ORGANIZAR

INSERT INTO organizar (id_empresa, id_evento) VALUES (101, 1001);
INSERT INTO organizar (id_empresa, id_evento) VALUES (202, 1002);
INSERT INTO organizar (id_empresa, id_evento) VALUES (303, 1003);
INSERT INTO organizar (id_empresa, id_evento) VALUES (404, 1004);
INSERT INTO organizar (id_empresa, id_evento) VALUES (505, 1005);
INSERT INTO organizar (id_empresa, id_evento) VALUES (606, 1006);
INSERT INTO organizar (id_empresa, id_evento) VALUES (707, 1007);
INSERT INTO organizar (id_empresa, id_evento) VALUES (101, 1008);
INSERT INTO organizar (id_empresa, id_evento) VALUES (202, 1009);
INSERT INTO organizar (id_empresa, id_evento) VALUES (303, 1010);


-- INSERT SESSÃO
INSERT INTO sessão (id_sessao, descricao, data_hora_inicio, data_hora_fim) VALUES (1001, 'Sessão de Networking', TIMESTAMP '2024-08-19 10:00:00', TIMESTAMP '2024-08-19 12:00:00');
INSERT INTO sessão (id_sessao, descricao, data_hora_inicio, data_hora_fim) VALUES (1002, 'Workshop de Inovação', TIMESTAMP '2024-08-19 14:00:00', TIMESTAMP '2024-08-19 16:00:00');
INSERT INTO sessão (id_sessao, descricao, data_hora_inicio, data_hora_fim) VALUES (1003, 'Palestra sobre Tecnologia', TIMESTAMP '2024-08-19 17:00:00', TIMESTAMP '2024-08-19 19:00:00');
INSERT INTO sessão (id_sessao, descricao, data_hora_inicio, data_hora_fim) VALUES (1004, 'Fórum de Discussões', TIMESTAMP '2024-08-20 09:00:00', TIMESTAMP '2024-08-20 11:00:00');
INSERT INTO sessão (id_sessao, descricao, data_hora_inicio, data_hora_fim) VALUES (1005, 'Hackathon', TIMESTAMP '2024-08-20 13:00:00', TIMESTAMP '2024-08-20 18:00:00');
INSERT INTO sessão (id_sessao, descricao, data_hora_inicio, data_hora_fim) VALUES (1006, 'Mentoria e Consultoria', TIMESTAMP '2024-08-21 10:00:00', TIMESTAMP '2024-08-21 12:00:00');


-- INSERT EVENTO
INSERT INTO evento (id_evento, nome_evento, descricao_evento, data_evento) VALUES (1, 'Conferência de Tecnologia 2024', 'Evento focado em tecnologia e inovação', DATE '2024-08-19');
INSERT INTO evento (id_evento, nome_evento, descricao_evento, data_evento) VALUES (2, 'Workshop de Empreendedorismo', 'Oficina sobre estratégias e práticas de empreendedorismo', DATE '2024-08-20');
INSERT INTO evento (id_evento, nome_evento, descricao_evento, data_evento) VALUES (3, 'Seminário de Desenvolvimento Sustentável', 'Seminário sobre práticas e políticas para desenvolvimento sustentável', DATE '2024-08-21');
INSERT INTO evento (id_evento, nome_evento, descricao_evento, data_evento) VALUES (4, 'Fórum de Inovação Social', 'Fórum dedicado a inovações na área de responsabilidade social', DATE '2024-08-22');


-- INSERT PAGAMENTO
INSERT INTO pagamento (id_pagamento, forma_pagamento, data_pagamento, valor) VALUES (101, 'Cartão de Crédito', TIMESTAMP '2024-08-19 10:15:30', 9.99);
INSERT INTO pagamento (id_pagamento, forma_pagamento, data_pagamento, valor) VALUES (102, 'Boleto Bancário', TIMESTAMP '2024-08-20 11:22:45', 19.99);
INSERT INTO pagamento (id_pagamento, forma_pagamento, data_pagamento, valor) VALUES (103, 'Transferência Bancária', TIMESTAMP '2024-08-21 12:33:50', 29.99);
INSERT INTO pagamento (id_pagamento, forma_pagamento, data_pagamento, valor) VALUES (104, 'Cartão de Débito', TIMESTAMP '2024-08-22 13:44:55', 49.99);
INSERT INTO pagamento (id_pagamento, forma_pagamento, data_pagamento, valor) VALUES (105, 'Pix', TIMESTAMP '2024-08-23 14:55:10', 79.99);
INSERT INTO pagamento (id_pagamento, forma_pagamento, data_pagamento, valor) VALUES (106, 'Cartão de Crédito', TIMESTAMP '2024-08-24 15:06:25', 99.99);

-- INSERT SESSAO
INSERT INTO sessao (id_sessao, data_e_hora) VALUES (1, TIMESTAMP '2024-08-19 09:00:00');
INSERT INTO sessao (id_sessao, data_e_hora) VALUES (2, TIMESTAMP '2024-08-20 10:30:00');
INSERT INTO sessao (id_sessao, data_e_hora) VALUES (3, TIMESTAMP '2024-08-21 11:45:00');
INSERT INTO sessao (id_sessao, data_e_hora) VALUES (4, TIMESTAMP '2024-08-22 13:00:00');
INSERT INTO sessao (id_sessao, data_e_hora) VALUES (5, TIMESTAMP '2024-08-23 14:15:00');
INSERT INTO sessao (id_sessao, data_e_hora) VALUES (6, TIMESTAMP '2024-08-24 15:30:00');
INSERT INTO sessao (id_sessao, data_e_hora) VALUES (7, TIMESTAMP '2024-08-25 16:45:00');
INSERT INTO sessao (id_sessao, data_e_hora) VALUES (8, TIMESTAMP '2024-08-26 18:00:00');
INSERT INTO sessao (id_sessao, data_e_hora) VALUES (9, TIMESTAMP '2024-08-27 19:15:00');
INSERT INTO sessao (id_sessao, data_e_hora) VALUES (10, TIMESTAMP '2024-08-28 20:30:00');



-- insert evento
INSERT INTO evento (id_evento, data_e_hora, duracao, qtd_pessoas) VALUES (1001, TIMESTAMP '2024-08-19 08:00:00', INTERVAL '60' MINUTE, 15);
INSERT INTO evento (id_evento, data_e_hora, duracao, qtd_pessoas) VALUES (1002, TIMESTAMP '2024-08-20 09:30:00', INTERVAL '90' MINUTE, 20);
INSERT INTO evento (id_evento, data_e_hora, duracao, qtd_pessoas) VALUES (1003, TIMESTAMP '2024-08-21 10:45:00', INTERVAL '120' MINUTE, 18);
INSERT INTO evento (id_evento, data_e_hora, duracao, qtd_pessoas) VALUES (1004, TIMESTAMP '2024-08-22 12:00:00', INTERVAL '45' MINUTE, 10);
INSERT INTO evento (id_evento, data_e_hora, duracao, qtd_pessoas) VALUES (1005, TIMESTAMP '2024-08-23 13:15:00', INTERVAL '150' MINUTE, 12);
INSERT INTO evento (id_evento, data_e_hora, duracao, qtd_pessoas) VALUES (1006, TIMESTAMP '2024-08-24 14:30:00', INTERVAL '180' MINUTE, 14);
INSERT INTO evento (id_evento, data_e_hora, duracao, qtd_pessoas) VALUES (1007, TIMESTAMP '2024-08-25 15:45:00', INTERVAL '240' MINUTE, 20);
INSERT INTO evento (id_evento, data_e_hora, duracao, qtd_pessoas) VALUES (1008, TIMESTAMP '2024-08-26 17:00:00', INTERVAL '30' MINUTE, 8);
INSERT INTO evento (id_evento, data_e_hora, duracao, qtd_pessoas) VALUES (1009, TIMESTAMP '2024-08-27 18:15:00', INTERVAL '90' MINUTE, 16);
INSERT INTO evento (id_evento, data_e_hora, duracao, qtd_pessoas) VALUES (1010, TIMESTAMP '2024-08-28 19:30:00', INTERVAL '120' MINUTE, 11);


-- insert pagamento
-- Inserções para a tabela pagamento
INSERT INTO pagamento (id_pagamento, data_e_hora, nome_portador_cartao, cpf_portador_cartao, numero_cartao, codigo_seguranca_cartao, data_vencimento_cartao) 
VALUES (101, TIMESTAMP '2024-08-19 10:15:30', 'Ana Silva', '12345678901', '1234567812345678', '123', DATE '2025-01-01');

INSERT INTO pagamento (id_pagamento, data_e_hora, nome_portador_cartao, cpf_portador_cartao, numero_cartao, codigo_seguranca_cartao, data_vencimento_cartao) 
VALUES (102, TIMESTAMP '2024-08-20 11:22:45', 'Carlos Souza', '23456789012', '2345678923456789', '234', DATE '2025-02-01');

INSERT INTO pagamento (id_pagamento, data_e_hora, nome_portador_cartao, cpf_portador_cartao, numero_cartao, codigo_seguranca_cartao, data_vencimento_cartao) 
VALUES (103, TIMESTAMP '2024-08-21 12:33:50', 'Fernanda Oliveira', '34567890123', '3456789034567890', '345', DATE '2025-03-01');

INSERT INTO pagamento (id_pagamento, data_e_hora, nome_portador_cartao, cpf_portador_cartao, numero_cartao, codigo_seguranca_cartao, data_vencimento_cartao) 
VALUES (104, TIMESTAMP '2024-08-22 13:44:55', 'Joao Pereira', '45678901234', '4567890145678901', '456', DATE '2025-04-01');

INSERT INTO pagamento (id_pagamento, data_e_hora, nome_portador_cartao, cpf_portador_cartao, numero_cartao, codigo_seguranca_cartao, data_vencimento_cartao) 
VALUES (105, TIMESTAMP '2024-08-23 14:55:10', 'Mariana Costa', '56789012345', '5678901256789012', '567', DATE '2025-05-01');

INSERT INTO pagamento (id_pagamento, data_e_hora, nome_portador_cartao, cpf_portador_cartao, numero_cartao, codigo_seguranca_cartao, data_vencimento_cartao) 
VALUES (106, TIMESTAMP '2024-08-24 15:06:25', 'Roberto Almeida', '67890123456', '6789012367890123', '678', DATE '2025-06-01');

INSERT INTO pagamento (id_pagamento, data_e_hora, nome_portador_cartao, cpf_portador_cartao, numero_cartao, codigo_seguranca_cartao, data_vencimento_cartao) 
VALUES (107, TIMESTAMP '2024-08-25 16:17:35', 'Tatiane Lima', '78901234567', '7890123478901234', '789', DATE '2025-07-01');

INSERT INTO pagamento (id_pagamento, data_e_hora, nome_portador_cartao, cpf_portador_cartao, numero_cartao, codigo_seguranca_cartao, data_vencimento_cartao) 
VALUES (108, TIMESTAMP '2024-08-26 17:28:45', 'Vinícius Santos', '89012345678', '8901234589012345', '890', DATE '2025-08-01');

INSERT INTO pagamento (id_pagamento, data_e_hora, nome_portador_cartao, cpf_portador_cartao, numero_cartao, codigo_seguranca_cartao, data_vencimento_cartao) 
VALUES (109, TIMESTAMP '2024-08-27 18:39:55', 'Juliana Rodrigues', '90123456789', '9012345690123456', '901', DATE '2025-09-01');

INSERT INTO pagamento (id_pagamento, data_e_hora, nome_portador_cartao, cpf_portador_cartao, numero_cartao, codigo_seguranca_cartao, data_vencimento_cartao) 
VALUES (110, TIMESTAMP '2024-08-28 19:50:05', 'Eduardo Martins', '01234567890', '0123456701234567', '012', DATE '2025-10-01');
